index,startTime,length,original_possession,end_possession,tournament,opposition,stage,source_file,event_type,outcome,contestable,origin,not_10,dead,completed,player,high_ball_catch,success,reason,phases,penalty,type,duration,disruption,disrupting_player,gainline,converted,effort,tackle_outcome,points_scored,points_conceeded,team
0,30066,7000,Opposition,Denmark,2026 EAAST,Georgia,Play Off,dartfish_export/2026EAASTGeorgiaPlayOffs.csv,Kick Receipt,Won,Uncontestable,Nord Jylland,False,False,True,Olivia,Bounced,False,,,,,,,,,,,,,,
1,34500,10000,Denmark,Opposition,2026 EAAST,Georgia,Play Off,dartfish_export/2026EAASTGeorgiaPlayOffs.csv,Turnover,Lost,,,,,False,Sarah,,,Knock On,1,,,,,,,,,,,,
2,55200,10000,Opposition,Opposition,2026 EAAST,Georgia,Play Off,dartfish_export/2026EAASTGeorgiaPlayOffs.csv,Scrum,Lost,,,,,,,,,,,,,,,,,,,,,,
3,68266,5000,Opposition,Opposition,2026 EAAST,Georgia,Play Off,dartfish_export/2026EAASTGeorgiaPlayOffs.csv,Tackle,Completed,,,,,,Sarah,,,,,,Double,,,,,,,,,,
4,69533,5000,Opposition,Opposition,2026 EAAST,Georgia,Play Off,dartfish_export/2026EAASTGeorgiaPlayOffs.csv,Ruck,,,,,,,,,,,,,,<3s,Ineffective,Olivia,Positive,,,,,,
5,69533,5000,Opposition,Opposition,2026 EAAST,Georgia,Play Off,dartfish_export/2026EAASTGeorgiaPlayOffs.csv,22m Entry,,,,,,,,,,Gainline,,,,,,,,False,,,,,
6,77433,5000,Opposition,Opposition,2026 EAAST,Georgia,Play Off,dartfish_export/2026EAASTGeorgiaPlayOffs.csv,Tackle,Completed,,,,,,Mille,,,,,,Single Assist,,,,,,,,,,
7,78233,5000,Opposition,Denmark,2026 EAAST,Georgia,Play Off,dartfish_export/2026EAASTGeorgiaPlayOffs.csv,Ruck,,,,,,,,,,,,,,>=3s,Penalty Awarded,SofieG,Positive,,,,,,
8,78366,10000,Opposition,Denmark,2026 EAAST,Georgia,Play Off,dartfish_export/2026EAASTGeorgiaPlayOffs.csv,Penalty,Rewarded,,,,,,SofieG,,,Not Releasing,2,,Set Piece,,,,,,,,,,
9,78366,10000,Opposition,Denmark,2026 EAAST,Georgia,Play Off,dartfish_export/2026EAASTGeorgiaPlayOffs.csv,Turnover,Won,,,,,False,SofieG,,,Poached,2,Penalty,,,,,,,,,,,
10,120166,10000,Denmark,Denmark,2026 EAAST,Georgia,Play Off,dartfish_export/2026EAASTGeorgiaPlayOffs.csv,Lineout,Won,,,,,,,,,,,,Slow,,,,,,,,,,
11,130366,6000,Denmark,Opposition,2026 EAAST,Georgia,Play Off,dartfish_export/2026EAASTGeorgiaPlayOffs.csv,Ball Carry,Ripped,,,,,,Sarah,,,,,,Single Assist,,,,,,,Completed,,,
12,131366,2000,Denmark,Denmark,2026 EAAST,Georgia,Play Off,dartfish_export/2026EAASTGeorgiaPlayOffs.csv,Pass,Completed,,,,,,SofieG,,,,,,,,,,,,,,,,
13,136666,10000,Denmark,Opposition,2026 EAAST,Georgia,Play Off,dartfish_export/2026EAASTGeorgiaPlayOffs.csv,Turnover,Lost,,,,,True,Sarah,,,Ripped,1,,,,,,,,,,,,
14,142533,5000,Opposition,Opposition,2026 EAAST,Georgia,Play Off,dartfish_export/2026EAASTGeorgiaPlayOffs.csv,Tackle,Completed,,,,,,Mille,,,,,,Single,,,,,,,,,,
15,143533,5000,Opposition,Opposition,2026 EAAST,Georgia,Play Off,dartfish_export/2026EAASTGeorgiaPlayOffs.csv,Ruck,,,,,,,,,,,,,,<3s,Ineffective,Olivia,Positive,,,,,,
16,154933,5000,Opposition,Opposition,2026 EAAST,Georgia,Play Off,dartfish_export/2026EAASTGeorgiaPlayOffs.csv,Tackle,Completed,,,,,,Dimi,,,,,,Single,,,,,,,,,,
17,157800,5000,Opposition,Opposition,2026 EAAST,Georgia,Play Off,dartfish_export/2026EAASTGeorgiaPlayOffs.csv,Ruck,,,,,,,,,,,,,,>=3s,No Disruption,,Negative,,,,,,
18,169066,10000,Opposition,Denmark,2026 EAAST,Georgia,Play Off,dartfish_export/2026EAASTGeorgiaPlayOffs.csv,Open Play Kick,Won,,,,,True,,,,,3,,Chip,,,,,,,,,,
19,178166,6000,Denmark,Denmark,2026 EAAST,Georgia,Play Off,dartfish_export/2026EAASTGeorgiaPlayOffs.csv,Ball Carry,Tackle Completed,,,,,,SofieK,,,,,,Single,,,,,,Negative,Completed,,,
20,179966,5000,Denmark,Opposition,2026 EAAST,Georgia,Play Off,dartfish_export/2026EAASTGeorgiaPlayOffs.csv,Ruck,,,,,,,,,,,,,,<3s,No Disruption,,Neutral,,,,,,
21,183566,2000,Denmark,Denmark,2026 EAAST,Georgia,Play Off,dartfish_export/2026EAASTGeorgiaPlayOffs.csv,Pass,Completed,,,,,,SofieG,,,,,,,,,,,,,,,,
22,184866,10000,Denmark,Opposition,2026 EAAST,Georgia,Play Off,dartfish_export/2026EAASTGeorgiaPlayOffs.csv,Turnover,Lost,,,,,False,Sarah,,,Forward Pass,1,,,,,,,,,,,,
23,187500,2000,Denmark,Denmark,2026 EAAST,Georgia,Play Off,dartfish_export/2026EAASTGeorgiaPlayOffs.csv,Pass,Error,,,,,,Sarah,,,,,,,,,,,,,,,,
24,213066,10000,Opposition,Opposition,2026 EAAST,Georgia,Play Off,dartfish_export/2026EAASTGeorgiaPlayOffs.csv,Scrum,Lost,,,,,,,,,,,,,,,,,,,,,,
25,219333,10000,Opposition,Opposition,2026 EAAST,Georgia,Play Off,dartfish_export/2026EAASTGeorgiaPlayOffs.csv,Penalty,Conceeded,,,,,,SofieG,,,Tackle Without Ball,1,,Slow Tap,,,,,,,,,,
26,240666,5000,Opposition,Opposition,2026 EAAST,Georgia,Play Off,dartfish_export/2026EAASTGeorgiaPlayOffs.csv,Tackle,Ineffective,,,,,,SofieG,,,,,,Single,,,,,,,,,,
27,242300,5000,Opposition,Opposition,2026 EAAST,Georgia,Play Off,dartfish_export/2026EAASTGeorgiaPlayOffs.csv,Tackle,Completed,,,,,,Sarah,,,,,,Single,,,,,,,,,,
28,243233,10000,Opposition,Opposition,2026 EAAST,Georgia,Play Off,dartfish_export/2026EAASTGeorgiaPlayOffs.csv,Penalty,Conceeded,,,,,,SofieG,,,High Tackle,1,,Slow Tap,,,,,,,,,,
29,248166,5000,Opposition,Opposition,2026 EAAST,Georgia,Play Off,dartfish_export/2026EAASTGeorgiaPlayOffs.csv,22m Entry,,,,,,,,,,Gainline,,,,,,,,True,,,,,
30,259366,5000,Opposition,Opposition,2026 EAAST,Georgia,Play Off,dartfish_export/2026EAASTGeorgiaPlayOffs.csv,Tackle,Completed,,,,,,SofieK,,,,,,Single Assist,,,,,,,,,,
31,261866,5000,Opposition,Opposition,2026 EAAST,Georgia,Play Off,dartfish_export/2026EAASTGeorgiaPlayOffs.csv,Ruck,,,,,,,,,,,,,,<3s,No Disruption,,Positive,,,,,,
32,268000,5000,Opposition,Opposition,2026 EAAST,Georgia,Play Off,dartfish_export/2026EAASTGeorgiaPlayOffs.csv,Tackle,Completed,,,,,,Sarah,,,,,,Single Assist,,,,,,,,,,
33,278366,5000,Opposition,Opposition,2026 EAAST,Georgia,Play Off,dartfish_export/2026EAASTGeorgiaPlayOffs.csv,Ruck,,,,,,,,,,,,,,<3s,No Disruption,,Positive,,,,,,
34,282000,5000,Opposition,Opposition,2026 EAAST,Georgia,Play Off,dartfish_export/2026EAASTGeorgiaPlayOffs.csv,Tackle,Completed,,,,,,Sarah,,,,,,Single,,,,,,,,,,
35,282966,5000,Opposition,Opposition,2026 EAAST,Georgia,Play Off,dartfish_export/2026EAASTGeorgiaPlayOffs.csv,Ruck,,,,,,,,,,,,,,>=3s,No Disruption,,Neutral,,,,,,
36,283533,22000,Opposition,Opposition,2026 EAAST,Georgia,Play Off,dartfish_export/2026EAASTGeorgiaPlayOffs.csv,Try,,,Penalty,,,,,,,,4,,,,,,,,,,0.0,5.0,
37,290133,10000,Opposition,Opposition,2026 EAAST,Georgia,Play Off,dartfish_export/2026EAASTGeorgiaPlayOffs.csv,Line Break,,,,,,,SofieG,,,Individual Error,,,,,,,,,,,,,
38,291633,5000,Opposition,Opposition,2026 EAAST,Georgia,Play Off,dartfish_export/2026EAASTGeorgiaPlayOffs.csv,Tackle,Ineffective,,,,,,SofieG,,,,,,Single,,,,,,,,,,
39,295366,5000,Opposition,Opposition,2026 EAAST,Georgia,Play Off,dartfish_export/2026EAASTGeorgiaPlayOffs.csv,Tackle,Ineffective,,,,,,Olivia,,,,,,Single,,,,,,,,,,
40,329333,6000,Opposition,Opposition,2026 EAAST,Georgia,Play Off,dartfish_export/2026EAASTGeorgiaPlayOffs.csv,Conversion,Missed,,5m-Touch L,,,,,,0,,,,,,,,,,,,0.0,0.0,Opposition
41,360500,7000,Opposition,Denmark,2026 EAAST,Georgia,Play Off,dartfish_export/2026EAASTGeorgiaPlayOffs.csv,Kick Receipt,Won,Uncontestable,Sonderjylland,False,False,True,Dimi,Bounced,False,,,,,,,,,,,,,,
42,363733,6000,Denmark,Denmark,2026 EAAST,Georgia,Play Off,dartfish_export/2026EAASTGeorgiaPlayOffs.csv,Ball Carry,Tackle Completed,,,,,,Dimi,,,,,,Single Assist,,,,,,Positive,Completed,,,
43,366966,5000,Denmark,Opposition,2026 EAAST,Georgia,Play Off,dartfish_export/2026EAASTGeorgiaPlayOffs.csv,Ruck,,,,,,,,,,,,,,<3s,No Disruption,,Positive,,,,,,
44,370866,2000,Denmark,Denmark,2026 EAAST,Georgia,Play Off,dartfish_export/2026EAASTGeorgiaPlayOffs.csv,Pass,Completed,,,,,,Olivia,,,,,,,,,,,,,,,,
45,373166,6000,Denmark,Denmark,2026 EAAST,Georgia,Play Off,dartfish_export/2026EAASTGeorgiaPlayOffs.csv,Ball Carry,Tackle Completed,,,,,,SofieG,,,,,,Single Assist,,,,,,Negative,Completed,,,
46,374533,2000,Denmark,Denmark,2026 EAAST,Georgia,Play Off,dartfish_export/2026EAASTGeorgiaPlayOffs.csv,Pass,Completed,,,,,,Alba,,,,,,,,,,,,,,,,
47,380466,5000,Denmark,Opposition,2026 EAAST,Georgia,Play Off,dartfish_export/2026EAASTGeorgiaPlayOffs.csv,Ruck,,,,,,,,,,,,,,<3s,No Disruption,,Positive,,,,,,
48,381566,6000,Denmark,Opposition,2026 EAAST,Georgia,Play Off,dartfish_export/2026EAASTGeorgiaPlayOffs.csv,Ball Carry,Dropped,,,,,,Kinza,,,,,,Single,,,,,,,Completed,,,
49,386166,10000,Denmark,Opposition,2026 EAAST,Georgia,Play Off,dartfish_export/2026EAASTGeorgiaPlayOffs.csv,Turnover,Lost,,,,,False,Kinza,,,Dropped,3,,,,,,,,,,,,
50,407900,10000,Opposition,Denmark,2026 EAAST,Georgia,Play Off,dartfish_export/2026EAASTGeorgiaPlayOffs.csv,Scrum,Won,,,,,,,,,,,,,,,,,,,,,,
51,428666,22000,Denmark,Denmark,2026 EAAST,Georgia,Play Off,dartfish_export/2026EAASTGeorgiaPlayOffs.csv,Try,,,Scrum,,,,SofieG,,,,1,,,,,,,,,,5.0,0.0,
52,433433,6000,Denmark,Denmark,2026 EAAST,Georgia,Play Off,dartfish_export/2026EAASTGeorgiaPlayOffs.csv,Ball Carry,Tackle Missed,,,,,,SofieG,,,,,,Single,,,,,,,Missed,,,
53,435033,6000,Denmark,Denmark,2026 EAAST,Georgia,Play Off,dartfish_export/2026EAASTGeorgiaPlayOffs.csv,Ball Carry,Tackle Missed,,,,,,SofieG,,,,,,Single,,,,,,,Missed,,,
54,435166,10000,Denmark,Denmark,2026 EAAST,Georgia,Play Off,dartfish_export/2026EAASTGeorgiaPlayOffs.csv,Line Break,,,,,,,SofieG,,,Missed Tackle,,,,,,,,,,,,,
55,440166,5000,Denmark,Denmark,2026 EAAST,Georgia,Play Off,dartfish_export/2026EAASTGeorgiaPlayOffs.csv,22m Entry,,,,,,,,,,Line Break,,,,,,,,True,,,,,
56,458300,6000,Denmark,Denmark,2026 EAAST,Georgia,Play Off,dartfish_export/2026EAASTGeorgiaPlayOffs.csv,Conversion,Missed,,Front-15m L,,,,Mille,,0,,,,,,,,,,,,0.0,0.0,Denmark
57,544933,7000,Denmark,Opposition,2026 EAAST,Georgia,Play Off,dartfish_export/2026EAASTGeorgiaPlayOffs.csv,Kick Off,Lost,Uncontestable,Sonderjylland,False,False,True,Sarah,,,,,,,,,,,,,,,,
58,551866,5000,Opposition,Opposition,2026 EAAST,Georgia,Play Off,dartfish_export/2026EAASTGeorgiaPlayOffs.csv,Tackle,Completed,,,,,,Kinza,,,,,,Single,,,,,,,,,,
59,552066,10000,Opposition,Denmark,2026 EAAST,Georgia,Play Off,dartfish_export/2026EAASTGeorgiaPlayOffs.csv,Penalty,Rewarded,,,,,,,,,Obstruction,1,,Quick Tap,,,,,,,,,,
60,564533,2000,Denmark,Denmark,2026 EAAST,Georgia,Play Off,dartfish_export/2026EAASTGeorgiaPlayOffs.csv,Pass,Completed,,,,,,Kinza,,,,,,,,,,,,,,,,
61,564766,2000,Denmark,Denmark,2026 EAAST,Georgia,Play Off,dartfish_export/2026EAASTGeorgiaPlayOffs.csv,Pass,Completed,,,,,,Alba,,,,,,,,,,,,,,,,
62,565966,2000,Denmark,Denmark,2026 EAAST,Georgia,Play Off,dartfish_export/2026EAASTGeorgiaPlayOffs.csv,Pass,Completed,,,,,,Celia,,,,,,,,,,,,,,,,
63,567733,2000,Denmark,Denmark,2026 EAAST,Georgia,Play Off,dartfish_export/2026EAASTGeorgiaPlayOffs.csv,Pass,Completed,,,,,,Sarah,,,,,,,,,,,,,,,,
64,568966,2000,Denmark,Denmark,2026 EAAST,Georgia,Play Off,dartfish_export/2026EAASTGeorgiaPlayOffs.csv,Pass,Completed,,,,,,SofieG,,,,,,,,,,,,,,,,
65,569933,6000,Denmark,Denmark,2026 EAAST,Georgia,Play Off,dartfish_export/2026EAASTGeorgiaPlayOffs.csv,Ball Carry,Tackle Missed,,,,,,Dimi,,,,,,Single Assist,,,,,,,Missed,,,
66,572666,10000,Denmark,Denmark,2026 EAAST,Georgia,Play Off,dartfish_export/2026EAASTGeorgiaPlayOffs.csv,Penalty,Rewarded,,,,,,,,,High Tackle,1,,Quick Tap,,,,,,,,,,
67,574666,5000,Denmark,Denmark,2026 EAAST,Georgia,Play Off,dartfish_export/2026EAASTGeorgiaPlayOffs.csv,22m Entry,,,,,,,,,,Gainline,,,,,,,,False,,,,,
68,580433,6000,Denmark,Denmark,2026 EAAST,Georgia,Play Off,dartfish_export/2026EAASTGeorgiaPlayOffs.csv,Ball Carry,Offload,,,,,,Dimi,,,,,,Single,,,,,,,Ineffective,,,
69,581166,2000,Denmark,Denmark,2026 EAAST,Georgia,Play Off,dartfish_export/2026EAASTGeorgiaPlayOffs.csv,Offload,Error,,,,,,SofieG,,,,,,,,,,,,,,,,
70,582166,6000,Denmark,Denmark,2026 EAAST,Georgia,Play Off,dartfish_export/2026EAASTGeorgiaPlayOffs.csv,Ball Carry,Offload Error,,,,,,SofieG,,,,,,Single,,,,,,,Ineffective,,,
71,585133,2000,Denmark,Denmark,2026 EAAST,Georgia,Play Off,dartfish_export/2026EAASTGeorgiaPlayOffs.csv,Offload,Completed,,,,,,Dimi,,,,,,,,,,,,,,,,
72,587966,2000,Denmark,Denmark,2026 EAAST,Georgia,Play Off,dartfish_export/2026EAASTGeorgiaPlayOffs.csv,Pass,Completed,,,,,,Sarah,,,,,,,,,,,,,,,,
73,588700,2000,Denmark,Denmark,2026 EAAST,Georgia,Play Off,dartfish_export/2026EAASTGeorgiaPlayOffs.csv,Pass,Completed,,,,,,Celia,,,,,,,,,,,,,,,,
74,588766,2000,Denmark,Denmark,2026 EAAST,Georgia,Play Off,dartfish_export/2026EAASTGeorgiaPlayOffs.csv,Pass,Completed,,,,,,Celia,,,,,,,,,,,,,,,,
75,590066,6000,Denmark,Opposition,2026 EAAST,Georgia,Play Off,dartfish_export/2026EAASTGeorgiaPlayOffs.csv,Ball Carry,Dropped,,,,,,Kinza,,,,,,Single,,,,,,,Completed,,,
76,591100,2000,Denmark,Denmark,2026 EAAST,Georgia,Play Off,dartfish_export/2026EAASTGeorgiaPlayOffs.csv,Pass,Completed,,,,,,Alba,,,,,,,,,,,,,,,,
77,591766,6000,Denmark,Denmark,2026 EAAST,Georgia,Play Off,dartfish_export/2026EAASTGeorgiaPlayOffs.csv,Ball Carry,Offload Error,,,,,,Celia,,,,,,Single,,,,,,,Ineffective,,,
78,595366,2000,Denmark,Denmark,2026 EAAST,Georgia,Play Off,dartfish_export/2026EAASTGeorgiaPlayOffs.csv,Offload,Error,,,,,,Celia,,,,,,,,,,,,,,,,
79,609866,10000,Denmark,Opposition,2026 EAAST,Georgia,Play Off,dartfish_export/2026EAASTGeorgiaPlayOffs.csv,Turnover,Lost,,,,,False,Celia,,,Knock On,1,,,,,,,,,,,,
80,623966,10000,Opposition,Opposition,2026 EAAST,Georgia,Play Off,dartfish_export/2026EAASTGeorgiaPlayOffs.csv,Scrum,Lost,,,,,,,,,,,,,,,,,,,,,,
81,637933,5000,Opposition,Opposition,2026 EAAST,Georgia,Play Off,dartfish_export/2026EAASTGeorgiaPlayOffs.csv,Tackle,Missed,,,,,,Celia,,,,,,Single,,,,,,,,,,
82,640366,5000,Opposition,Opposition,2026 EAAST,Georgia,Play Off,dartfish_export/2026EAASTGeorgiaPlayOffs.csv,Ruck,,,,,,,,,,,,,,>=3s,No Disruption,,Negative,,,,,,
83,641100,5000,Opposition,Opposition,2026 EAAST,Georgia,Play Off,dartfish_export/2026EAASTGeorgiaPlayOffs.csv,Tackle,Completed,,,,,,Kinza,,,,,,Single,,,,,,,,,,
84,649766,5000,Opposition,Opposition,2026 EAAST,Georgia,Play Off,dartfish_export/2026EAASTGeorgiaPlayOffs.csv,Tackle,Completed,,,,,,Kinza,,,,,,Single Assist,,,,,,,,,,
85,652133,5000,Opposition,Opposition,2026 EAAST,Georgia,Play Off,dartfish_export/2026EAASTGeorgiaPlayOffs.csv,Ruck,,,,,,,,,,,,,,>=3s,No Disruption,,Neutral,,,,,,
86,660466,5000,Opposition,Opposition,2026 EAAST,Georgia,Play Off,dartfish_export/2026EAASTGeorgiaPlayOffs.csv,Tackle,Ineffective,,,,,,Mille,,,,,,Single,,,,,,,,,,
87,661433,10000,Opposition,Denmark,2026 EAAST,Georgia,Play Off,dartfish_export/2026EAASTGeorgiaPlayOffs.csv,Open Play Kick,Won,,,,,True,,,,,3,,Chip,,,,,,,,,,
88,671666,6000,Denmark,Denmark,2026 EAAST,Georgia,Play Off,dartfish_export/2026EAASTGeorgiaPlayOffs.csv,Ball Carry,Tackle Completed,,,,,,Dimi,,,,,,Single Assist,,,,,,Positive,Completed,,,
89,675966,5000,Denmark,Opposition,2026 EAAST,Georgia,Play Off,dartfish_export/2026EAASTGeorgiaPlayOffs.csv,Ruck,,,,,,,,,,,,,,<3s,No Disruption,,Positive,,,,,,
90,679366,2000,Denmark,Denmark,2026 EAAST,Georgia,Play Off,dartfish_export/2026EAASTGeorgiaPlayOffs.csv,Pass,Completed,,,,,,Alba,,,,,,,,,,,,,,,,
91,682700,2000,Denmark,Denmark,2026 EAAST,Georgia,Play Off,dartfish_export/2026EAASTGeorgiaPlayOffs.csv,Pass,Completed,,,,,,Sarah,,,,,,,,,,,,,,,,
92,682733,6000,Denmark,Denmark,2026 EAAST,Georgia,Play Off,dartfish_export/2026EAASTGeorgiaPlayOffs.csv,Ball Carry,Offload Error,,,,,,Celia,,,,,,Single Assist,,,,,,,Ineffective,,,
93,682966,10000,Denmark,Denmark,2026 EAAST,Georgia,Play Off,dartfish_export/2026EAASTGeorgiaPlayOffs.csv,Penalty,Rewarded,,,,,,Alba,,,Tackle Without Ball,2,,Set Piece,,,,,,,,,,
94,685866,2000,Denmark,Denmark,2026 EAAST,Georgia,Play Off,dartfish_export/2026EAASTGeorgiaPlayOffs.csv,Offload,Error,,,,,,Celia,,,,,,,,,,,,,,,,
95,716166,10000,Denmark,Denmark,2026 EAAST,Georgia,Play Off,dartfish_export/2026EAASTGeorgiaPlayOffs.csv,Scrum,Won,,,,,,,,,,,,,,,,,,,,,,
96,730333,6000,Denmark,Denmark,2026 EAAST,Georgia,Play Off,dartfish_export/2026EAASTGeorgiaPlayOffs.csv,Ball Carry,Tackle Completed,,,,,,Celia,,,,,,Single,,,,,,Positive,Completed,,,
97,733133,5000,Denmark,Opposition,2026 EAAST,Georgia,Play Off,dartfish_export/2026EAASTGeorgiaPlayOffs.csv,Ruck,,,,,,,,,,,,,,<3s,No Disruption,,Negative,,,,,,
98,735266,2000,Denmark,Denmark,2026 EAAST,Georgia,Play Off,dartfish_export/2026EAASTGeorgiaPlayOffs.csv,Pass,Completed,,,,,,Kinza,,,,,,,,,,,,,,,,
99,735933,10000,Denmark,Denmark,2026 EAAST,Georgia,Play Off,dartfish_export/2026EAASTGeorgiaPlayOffs.csv,Penalty,Rewarded,,,,,,,,,Offside,2,,Quick Tap,,,,,,,,,,
100,737333,2000,Denmark,Denmark,2026 EAAST,Georgia,Play Off,dartfish_export/2026EAASTGeorgiaPlayOffs.csv,Pass,Completed,,,,,,Sarah,,,,,,,,,,,,,,,,
101,746833,6000,Denmark,Denmark,2026 EAAST,Georgia,Play Off,dartfish_export/2026EAASTGeorgiaPlayOffs.csv,Ball Carry,Tackle Completed,,,,,,SofieG,,,,,,Single Assist,,,,,,Negative,Completed,,,
102,746833,5000,Denmark,Denmark,2026 EAAST,Georgia,Play Off,dartfish_export/2026EAASTGeorgiaPlayOffs.csv,22m Entry,,,,,,,,,,Gainline,,,,,,,,True,,,,,
103,747566,2000,Denmark,Denmark,2026 EAAST,Georgia,Play Off,dartfish_export/2026EAASTGeorgiaPlayOffs.csv,Pass,Completed,,,,,,Kinza,,,,,,,,,,,,,,,,
104,749366,22000,Denmark,Denmark,2026 EAAST,Georgia,Play Off,dartfish_export/2026EAASTGeorgiaPlayOffs.csv,Try,,,Penalty,,,,Dimi,,,,2,,,,,,,,,,5.0,0.0,
105,751666,5000,Denmark,Opposition,2026 EAAST,Georgia,Play Off,dartfish_export/2026EAASTGeorgiaPlayOffs.csv,Ruck,,,,,,,,,,,,,,>=3s,No Disruption,,Positive,,,,,,
106,756666,2000,Denmark,Denmark,2026 EAAST,Georgia,Play Off,dartfish_export/2026EAASTGeorgiaPlayOffs.csv,Pass,Completed,,,,,,Sarah,,,,,,,,,,,,,,,,
107,758066,2000,Denmark,Denmark,2026 EAAST,Georgia,Play Off,dartfish_export/2026EAASTGeorgiaPlayOffs.csv,Pass,Completed,,,,,,Alba,,,,,,,,,,,,,,,,
108,759566,2000,Denmark,Denmark,2026 EAAST,Georgia,Play Off,dartfish_export/2026EAASTGeorgiaPlayOffs.csv,Pass,Completed,,,,,,Celia,,,,,,,,,,,,,,,,
109,760400,6000,Denmark,Denmark,2026 EAAST,Georgia,Play Off,dartfish_export/2026EAASTGeorgiaPlayOffs.csv,Ball Carry,Offload,,,,,,Mille,,,,,,Single,,,,,,,Ineffective,,,
110,762066,10000,Denmark,Denmark,2026 EAAST,Georgia,Play Off,dartfish_export/2026EAASTGeorgiaPlayOffs.csv,Line Break,,,,,,,Dimi,,,Missed Tackle,,,,,,,,,,,,,
111,762833,6000,Denmark,Denmark,2026 EAAST,Georgia,Play Off,dartfish_export/2026EAASTGeorgiaPlayOffs.csv,Ball Carry,Tackle Missed,,,,,,Mille,,,,,,Single,,,,,,,Missed,,,
112,763866,2000,Denmark,Denmark,2026 EAAST,Georgia,Play Off,dartfish_export/2026EAASTGeorgiaPlayOffs.csv,Offload,Completed,,,,,,Mille,,,,,,,,,,,,,,,,
113,787366,6000,Denmark,Denmark,2026 EAAST,Georgia,Play Off,dartfish_export/2026EAASTGeorgiaPlayOffs.csv,Conversion,Missed,,15m-5m L,,,,Mille,,0,,,,,,,,,,,,0.0,0.0,Denmark
114,833566,7000,Denmark,Opposition,2026 EAAST,Georgia,Play Off,dartfish_export/2026EAASTGeorgiaPlayOffs.csv,Kick Off,Lost,Not 10,Kobenhavn,True,False,False,Malou,,,,,,,,,,,,,,,,
115,841600,10000,Denmark,Opposition,2026 EAAST,Georgia,Play Off,dartfish_export/2026EAASTGeorgiaPlayOffs.csv,Free Kick,Conceeded,,,,,,Malou,,,Not 10m,,,,,,,,,,,,,
116,858600,5000,Opposition,Opposition,2026 EAAST,Georgia,Play Off,dartfish_export/2026EAASTGeorgiaPlayOffs.csv,Tackle,Missed,,,,,,Celia,,,,,,Single,,,,,,,,,,
117,860833,5000,Opposition,Opposition,2026 EAAST,Georgia,Play Off,dartfish_export/2026EAASTGeorgiaPlayOffs.csv,Tackle,Missed,,,,,,Malou,,,,,,Single,,,,,,,,,,
118,862633,5000,Opposition,Opposition,2026 EAAST,Georgia,Play Off,dartfish_export/2026EAASTGeorgiaPlayOffs.csv,Tackle,Ineffective,,,,,,Kinza,,,,,,Single,,,,,,,,,,
119,865100,5000,Opposition,Opposition,2026 EAAST,Georgia,Play Off,dartfish_export/2026EAASTGeorgiaPlayOffs.csv,Tackle,Completed,,,,,,Amanda,,,,,,Single Assist,,,,,,,,,,
120,866866,5000,Opposition,Opposition,2026 EAAST,Georgia,Play Off,dartfish_export/2026EAASTGeorgiaPlayOffs.csv,22m Entry,,,,,,,,,,Gainline,,,,,,,,True,,,,,
121,866866,5000,Opposition,Opposition,2026 EAAST,Georgia,Play Off,dartfish_export/2026EAASTGeorgiaPlayOffs.csv,Ruck,,,,,,,,,,,,,,<3s,No Disruption,,Positive,,,,,,
122,870533,5000,Opposition,Opposition,2026 EAAST,Georgia,Play Off,dartfish_export/2026EAASTGeorgiaPlayOffs.csv,Tackle,Missed,,,,,,Kinza,,,,,,Single,,,,,,,,,,
123,874366,22000,Opposition,Opposition,2026 EAAST,Georgia,Play Off,dartfish_export/2026EAASTGeorgiaPlayOffs.csv,Try,,,Free Kick,,,,,,,,3,,,,,,,,,,0.0,5.0,
124,874666,5000,Opposition,Opposition,2026 EAAST,Georgia,Play Off,dartfish_export/2026EAASTGeorgiaPlayOffs.csv,Ruck,,,,,,,,,,,,,,>=3s,Effective,Kinza,Neutral,,,,,,
125,875366,5000,Opposition,Opposition,2026 EAAST,Georgia,Play Off,dartfish_export/2026EAASTGeorgiaPlayOffs.csv,Tackle,Completed,,,,,,Sarah,,,,,,Single,,,,,,,,,,
126,881966,10000,Opposition,Opposition,2026 EAAST,Georgia,Play Off,dartfish_export/2026EAASTGeorgiaPlayOffs.csv,Line Break,,,,,,,Sarah,,,Missed Tackle,,,,,,,,,,,,,
127,884966,5000,Opposition,Opposition,2026 EAAST,Georgia,Play Off,dartfish_export/2026EAASTGeorgiaPlayOffs.csv,Tackle,Missed,,,,,,Sarah,,,,,,Single,,,,,,,,,,
128,903666,6000,Opposition,Opposition,2026 EAAST,Georgia,Play Off,dartfish_export/2026EAASTGeorgiaPlayOffs.csv,Conversion,Missed,,In Front,,,,,,0,,,,,,,,,,,,0.0,0.0,Opposition
129,946500,7000,Opposition,Denmark,2026 EAAST,Georgia,Play Off,dartfish_export/2026EAASTGeorgiaPlayOffs.csv,Kick Receipt,Won,Not 10,Kobenhavn,True,False,False,,,,,,,,,,,,,,,,,
130,960500,10000,Opposition,Denmark,2026 EAAST,Georgia,Play Off,dartfish_export/2026EAASTGeorgiaPlayOffs.csv,Free Kick,Rewarded,,,,,,,,,Not 10m,,,,,,,,,,,,,
131,965666,2000,Denmark,Denmark,2026 EAAST,Georgia,Play Off,dartfish_export/2026EAASTGeorgiaPlayOffs.csv,Pass,Completed,,,,,,Celia,,,,,,,,,,,,,,,,
132,969566,6000,Denmark,Denmark,2026 EAAST,Georgia,Play Off,dartfish_export/2026EAASTGeorgiaPlayOffs.csv,Ball Carry,Tackle Completed,,,,,,Dimi,,,,,,Single,,,,,,Positive,Completed,,,
133,971566,2000,Denmark,Denmark,2026 EAAST,Georgia,Play Off,dartfish_export/2026EAASTGeorgiaPlayOffs.csv,Pass,Completed,,,,,,SofieG,,,,,,,,,,,,,,,,
134,978700,10000,Denmark,Denmark,2026 EAAST,Georgia,Play Off,dartfish_export/2026EAASTGeorgiaPlayOffs.csv,Lineout,Won,,No Change,,,,,,,,1,,Slow,,,,,,,,,,
135,995533,10000,Denmark,Opposition,2026 EAAST,Georgia,Play Off,dartfish_export/2026EAASTGeorgiaPlayOffs.csv,Turnover,Lost,,,,,True,Celia,,,Dropped,1,,,,,,,,,,,,
136,996966,6000,Denmark,Opposition,2026 EAAST,Georgia,Play Off,dartfish_export/2026EAASTGeorgiaPlayOffs.csv,Ball Carry,Dropped,,,,,,Celia,,,,,,Single,,,,,,,Completed,,,
137,1006000,5000,Opposition,Opposition,2026 EAAST,Georgia,Play Off,dartfish_export/2026EAASTGeorgiaPlayOffs.csv,Tackle,Completed,,,,,,Dimi,,,,,,Single,,,,,,,,,,
138,1008533,10000,Opposition,Denmark,2026 EAAST,Georgia,Play Off,dartfish_export/2026EAASTGeorgiaPlayOffs.csv,Turnover,Won,,,,,False,,,,Forward Pass,1,,,,,,,,,,,,
139,1009366,5000,Opposition,Opposition,2026 EAAST,Georgia,Play Off,dartfish_export/2026EAASTGeorgiaPlayOffs.csv,Tackle,Completed,,,,,,Philippa,,,,,,Single,,,,,,,,,,
140,1042333,10000,Denmark,Denmark,2026 EAAST,Georgia,Play Off,dartfish_export/2026EAASTGeorgiaPlayOffs.csv,Scrum,Won,,,,,,,,,,,Penalty,,,,,,,,,,,
141,1059933,10000,Denmark,Denmark,2026 EAAST,Georgia,Play Off,dartfish_export/2026EAASTGeorgiaPlayOffs.csv,Penalty,Rewarded,,,,,,,,,Scrum,,,Quick Tap,,,,,,,,,,
142,1069066,6000,Denmark,Denmark,2026 EAAST,Georgia,Play Off,dartfish_export/2026EAASTGeorgiaPlayOffs.csv,Ball Carry,Offload,,,,,,Celia,,,,,,Single,,,,,,,Ineffective,,,
143,1071400,10000,Denmark,Denmark,2026 EAAST,Georgia,Play Off,dartfish_export/2026EAASTGeorgiaPlayOffs.csv,Penalty,Rewarded,,,,,,,,,Offside,1,,Quick Tap,,,,,,,,,,
144,1072900,2000,Denmark,Denmark,2026 EAAST,Georgia,Play Off,dartfish_export/2026EAASTGeorgiaPlayOffs.csv,Offload,Completed,,,,,,Celia,,,,,,,,,,,,,,,,
145,1079966,2000,Denmark,Denmark,2026 EAAST,Georgia,Play Off,dartfish_export/2026EAASTGeorgiaPlayOffs.csv,Pass,Completed,,,,,,Kinza,,,,,,,,,,,,,,,,
146,1080600,2000,Denmark,Denmark,2026 EAAST,Georgia,Play Off,dartfish_export/2026EAASTGeorgiaPlayOffs.csv,Pass,Completed,,,,,,Malou,,,,,,,,,,,,,,,,
147,1081300,6000,Denmark,Denmark,2026 EAAST,Georgia,Play Off,dartfish_export/2026EAASTGeorgiaPlayOffs.csv,Ball Carry,Tackle Completed,,,,,,Amanda,,,,,,Double,,,,,,Negative,Completed,,,
148,1081300,5000,Denmark,Denmark,2026 EAAST,Georgia,Play Off,dartfish_export/2026EAASTGeorgiaPlayOffs.csv,22m Entry,,,,,,,,,,Gainline,,,,,,,,False,,,,,
149,1086566,5000,Denmark,Opposition,2026 EAAST,Georgia,Play Off,dartfish_export/2026EAASTGeorgiaPlayOffs.csv,Ruck,,,,,,,,,,,,,,<3s,No Disruption,,Positive,,,,,,
150,1089566,6000,Denmark,Opposition,2026 EAAST,Georgia,Play Off,dartfish_export/2026EAASTGeorgiaPlayOffs.csv,Ball Carry,Tackled Into Touch,,,,,,Malou,,,,,,Single,,,,,,,Completed,,,
151,1094033,10000,Denmark,Opposition,2026 EAAST,Georgia,Play Off,dartfish_export/2026EAASTGeorgiaPlayOffs.csv,Turnover,Lost,,,,,False,Malou,,,Tackled Into Touch,2,,,,,,,,,,,,
152,1165833,7000,Opposition,Opposition,2026 EAAST,Georgia,Play Off,dartfish_export/2026EAASTGeorgiaPlayOffs.csv,Kick Receipt,Lost,Uncontestable,Nord Jylland,False,False,True,Dimi,Knocked On,False,,,,,,,,,,,,,,
153,1170933,5000,Opposition,Opposition,2026 EAAST,Georgia,Play Off,dartfish_export/2026EAASTGeorgiaPlayOffs.csv,22m Entry,,,,,,,,,,Gainline,,,,,,,,True,,,,,
154,1171433,5000,Opposition,Opposition,2026 EAAST,Georgia,Play Off,dartfish_export/2026EAASTGeorgiaPlayOffs.csv,Tackle,Ineffective,,,,,,Philippa,,,,,,Single,,,,,,,,,,
155,1174833,5000,Opposition,Opposition,2026 EAAST,Georgia,Play Off,dartfish_export/2026EAASTGeorgiaPlayOffs.csv,Tackle,Completed,,,,,,Dimi,,,,,,Single,,,,,,,,,,
156,1175033,5000,Opposition,Opposition,2026 EAAST,Georgia,Play Off,dartfish_export/2026EAASTGeorgiaPlayOffs.csv,Ruck,,,,,,,,,,,,,,<3s,Penalty Conceeded,SofieG,Positive,,,,,,
157,1177433,10000,Opposition,Opposition,2026 EAAST,Georgia,Play Off,dartfish_export/2026EAASTGeorgiaPlayOffs.csv,Penalty,Conceeded,,,,,,SofieG,,,Tackler Not Releasing,1,,Slow Tap,,,,,,,,,,
158,1178566,10000,Opposition,Opposition,2026 EAAST,Georgia,Play Off,dartfish_export/2026EAASTGeorgiaPlayOffs.csv,Yellow Card,Conceeded,,,,,,SofieG,,,Tackler Not Releasing,,,,,,,,,,,,,
159,1181766,22000,Opposition,Opposition,2026 EAAST,Georgia,Play Off,dartfish_export/2026EAASTGeorgiaPlayOffs.csv,Try,,,Penalty,,,,,,,,1,,,,,,,,,,0.0,5.0,
160,1198166,5000,Opposition,Opposition,2026 EAAST,Georgia,Play Off,dartfish_export/2026EAASTGeorgiaPlayOffs.csv,Tackle,Ineffective,,,,,,Mille,,,,,,Single,,,,,,,,,,
