index,startTime,length,original_possession,end_possession,tournament,opposition,stage,source_file,event_type,outcome,contestable,origin,not_10,dead,completed,player,type,effort,tackle_outcome,duration,disruption,disrupting_player,gainline,reason,phases,converted,points_scored,points_conceeded,team,success,penalty,high_ball_catch
0,114160,7000,Denmark,Opposition,2026 EM1,Sweden,Play Offs,dartfish_export/2026EM1vsSweden.csv,Kick Off,Lost,Uncontestable,Fyn,False,False,True,Sarah,,,,,,,,,,,,,,,,
1,209460,6000,Denmark,Denmark,2026 EM1,Sweden,Play Offs,dartfish_export/2026EM1vsSweden.csv,Ball Carry,Tackle Missed,,,,,,Dimi,Single,,Missed,,,,,,,,,,,,,
2,212860,6000,Denmark,Denmark,2026 EM1,Sweden,Play Offs,dartfish_export/2026EM1vsSweden.csv,Ball Carry,Tackle Completed,,,,,,Dimi,Single,Negative,Completed,,,,,,,,,,,,,
3,214100,5000,Denmark,Opposition,2026 EM1,Sweden,Play Offs,dartfish_export/2026EM1vsSweden.csv,Ruck,,,,,,,,,,,<3s,No Disruption,,Positive,,,,,,,,,
4,219480,2000,Denmark,Denmark,2026 EM1,Sweden,Play Offs,dartfish_export/2026EM1vsSweden.csv,Pass,Completed,,,,,,Freja,,,,,,,,,,,,,,,,
5,220020,6000,Denmark,Denmark,2026 EM1,Sweden,Play Offs,dartfish_export/2026EM1vsSweden.csv,Ball Carry,Tackle Completed,,,,,,Alba,Single Assist,Negative,Completed,,,,,,,,,,,,,
6,222240,5000,Denmark,Opposition,2026 EM1,Sweden,Play Offs,dartfish_export/2026EM1vsSweden.csv,Ruck,,,,,,,,,,,<3s,No Disruption,,Positive,,,,,,,,,
7,222380,10000,Denmark,Denmark,2026 EM1,Sweden,Play Offs,dartfish_export/2026EM1vsSweden.csv,Penalty,Rewarded,,,,,,,Quick Tap,,,,,,,Not Rolling Away,3,,,,,,,
8,229140,6000,Denmark,Denmark,2026 EM1,Sweden,Play Offs,dartfish_export/2026EM1vsSweden.csv,Ball Carry,Tackle Completed,,,,,,Kinza,Single,Positive,Completed,,,,,,,,,,,,,
9,229660,5000,Denmark,Denmark,2026 EM1,Sweden,Play Offs,dartfish_export/2026EM1vsSweden.csv,22m Entry,,,,,,,,,,,,,,,Gainline,,True,,,,,,
10,232420,5000,Denmark,Opposition,2026 EM1,Sweden,Play Offs,dartfish_export/2026EM1vsSweden.csv,Ruck,,,,,,,,,,,<3s,No Disruption,,Positive,,,,,,,,,
11,236420,2000,Denmark,Denmark,2026 EM1,Sweden,Play Offs,dartfish_export/2026EM1vsSweden.csv,Pass,Completed,,,,,,Alba,,,,,,,,,,,,,,,,
12,237100,6000,Denmark,Denmark,2026 EM1,Sweden,Play Offs,dartfish_export/2026EM1vsSweden.csv,Ball Carry,Offload,,,,,,Freja,Single Assist,,Ineffective,,,,,,,,,,,,,
13,239460,6000,Denmark,Denmark,2026 EM1,Sweden,Play Offs,dartfish_export/2026EM1vsSweden.csv,Ball Carry,Offload Error,,,,,,Mille,Single,,Ineffective,,,,,,,,,,,,,
14,239980,2000,Denmark,Denmark,2026 EM1,Sweden,Play Offs,dartfish_export/2026EM1vsSweden.csv,Offload,Completed,,,,,,Freja,,,,,,,,,,,,,,,,
15,243160,22000,Denmark,Denmark,2026 EM1,Sweden,Play Offs,dartfish_export/2026EM1vsSweden.csv,Try,,,Penalty,,,,Mille,,,,,,,,,4,,5.0,0.0,,,,
16,243700,2000,Denmark,Denmark,2026 EM1,Sweden,Play Offs,dartfish_export/2026EM1vsSweden.csv,Offload,Error,,,,,,Mille,,,,,,,,,,,,,,,,
17,243860,5000,Denmark,Opposition,2026 EM1,Sweden,Play Offs,dartfish_export/2026EM1vsSweden.csv,Ruck,,,,,,,,,,,<3s,No Disruption,,Positive,,,,,,,,,
18,247120,6000,Denmark,Denmark,2026 EM1,Sweden,Play Offs,dartfish_export/2026EM1vsSweden.csv,Ball Carry,Tackle Completed,,,,,,Freja,Single Assist,Negative,Completed,,,,,,,,,,,,,
19,252780,5000,Denmark,Opposition,2026 EM1,Sweden,Play Offs,dartfish_export/2026EM1vsSweden.csv,Ruck,,,,,,,,,,,<3s,No Disruption,,Positive,,,,,,,,,
20,255280,6000,Denmark,Denmark,2026 EM1,Sweden,Play Offs,dartfish_export/2026EM1vsSweden.csv,Ball Carry,Tackle Missed,,,,,,Mille,Single,,Missed,,,,,,,,,,,,,
21,256560,6000,Denmark,Denmark,2026 EM1,Sweden,Play Offs,dartfish_export/2026EM1vsSweden.csv,Ball Carry,Try,,,,,,Mille,Single Assist,,Ineffective,,,,,,,,,,,,,
22,291560,6000,Denmark,Denmark,2026 EM1,Sweden,Play Offs,dartfish_export/2026EM1vsSweden.csv,Conversion,Missed,,15m-5m R,,,,Mille,,,,,,,,,,,0.0,0.0,Denmark,0,,
23,317840,7000,Denmark,Opposition,2026 EM1,Sweden,Play Offs,dartfish_export/2026EM1vsSweden.csv,Kick Off,Lost,Contestable,Sonderjylland,False,False,True,Sarah,,,,,,,,,,,,,,,,
24,433860,10000,Denmark,Denmark,2026 EM1,Sweden,Play Offs,dartfish_export/2026EM1vsSweden.csv,Scrum,Won,,,,,,,,,,,,,,,,,,,,,,
25,441560,2000,Denmark,Denmark,2026 EM1,Sweden,Play Offs,dartfish_export/2026EM1vsSweden.csv,Pass,Completed,,,,,,Olivia,,,,,,,,,,,,,,,,
26,441700,6000,Denmark,Denmark,2026 EM1,Sweden,Play Offs,dartfish_export/2026EM1vsSweden.csv,Ball Carry,Tackle Completed,,,,,,Freja,Single Assist,Negative,Completed,,,,,,,,,,,,,
27,447840,5000,Denmark,Opposition,2026 EM1,Sweden,Play Offs,dartfish_export/2026EM1vsSweden.csv,Ruck,,,,,,,,,,,<3s,No Disruption,,Negative,,,,,,,,,
28,450940,2000,Denmark,Denmark,2026 EM1,Sweden,Play Offs,dartfish_export/2026EM1vsSweden.csv,Pass,Completed,,,,,,Kinza,,,,,,,,,,,,,,,,
29,452720,2000,Denmark,Denmark,2026 EM1,Sweden,Play Offs,dartfish_export/2026EM1vsSweden.csv,Pass,Completed,,,,,,Sarah,,,,,,,,,,,,,,,,
30,453160,6000,Denmark,Opposition,2026 EM1,Sweden,Play Offs,dartfish_export/2026EM1vsSweden.csv,Ball Carry,Dropped,,,,,,Dimi,Single,,Completed,,,,,,,,,,,,,
31,454600,10000,Denmark,Opposition,2026 EM1,Sweden,Play Offs,dartfish_export/2026EM1vsSweden.csv,Turnover,Lost,,,,,False,Dimi,,,,,,,,Dropped,2,,,,,,,
32,517480,6000,Denmark,Denmark,2026 EM1,Sweden,Play Offs,dartfish_export/2026EM1vsSweden.csv,Ball Carry,Tackle Missed,,,,,,Dimi,Single,,Missed,,,,,,,,,,,,,
33,520960,22000,Denmark,Denmark,2026 EM1,Sweden,Play Offs,dartfish_export/2026EM1vsSweden.csv,Try,,,Open Play Kick,,,,Freja,,,,,,,,,2,,5.0,0.0,,,,
34,521140,6000,Denmark,Denmark,2026 EM1,Sweden,Play Offs,dartfish_export/2026EM1vsSweden.csv,Ball Carry,Tackle Completed,,,,,,Dimi,Single Assist,Positive,Completed,,,,,,,,,,,,,
35,523040,5000,Denmark,Opposition,2026 EM1,Sweden,Play Offs,dartfish_export/2026EM1vsSweden.csv,Ruck,,,,,,,,,,,<3s,No Disruption,,Positive,,,,,,,,,
36,525300,2000,Denmark,Denmark,2026 EM1,Sweden,Play Offs,dartfish_export/2026EM1vsSweden.csv,Pass,Completed,,,,,,Sarah,,,,,,,,,,,,,,,,
37,527180,2000,Denmark,Denmark,2026 EM1,Sweden,Play Offs,dartfish_export/2026EM1vsSweden.csv,Pass,Completed,,,,,,Alba,,,,,,,,,,,,,,,,
38,527780,10000,Denmark,Denmark,2026 EM1,Sweden,Play Offs,dartfish_export/2026EM1vsSweden.csv,Line Break,,,,,,,Freja,,,,,,,,System Error,,,,,,,,
39,539660,5000,Denmark,Denmark,2026 EM1,Sweden,Play Offs,dartfish_export/2026EM1vsSweden.csv,22m Entry,,,,,,,,,,,,,,,Line Break,,True,,,,,,
40,571480,6000,Denmark,Denmark,2026 EM1,Sweden,Play Offs,dartfish_export/2026EM1vsSweden.csv,Conversion,Missed,,15m-5m L,,,,Sarah,,,,,,,,,,,0.0,0.0,Denmark,0,,
41,705740,6000,Denmark,Denmark,2026 EM1,Sweden,Play Offs,dartfish_export/2026EM1vsSweden.csv,Ball Carry,Tackle Completed,,,,,,Sarah,Single,Negative,Completed,,,,,,,,,,,,,
42,706960,22000,Denmark,Denmark,2026 EM1,Sweden,Play Offs,dartfish_export/2026EM1vsSweden.csv,Try,,,Kick Receipt,,,,Dimi,,,,,,,,,3,,5.0,0.0,,,,
43,707500,5000,Denmark,Opposition,2026 EM1,Sweden,Play Offs,dartfish_export/2026EM1vsSweden.csv,Ruck,,,,,,,,,,,<3s,No Disruption,,Neutral,,,,,,,,,
44,711580,6000,Denmark,Denmark,2026 EM1,Sweden,Play Offs,dartfish_export/2026EM1vsSweden.csv,Ball Carry,Tackle Completed,,,,,,Freja,Double,Negative,Completed,,,,,,,,,,,,,
45,711840,2000,Denmark,Denmark,2026 EM1,Sweden,Play Offs,dartfish_export/2026EM1vsSweden.csv,Pass,Completed,,,,,,Alba,,,,,,,,,,,,,,,,
46,714340,10000,Denmark,Denmark,2026 EM1,Sweden,Play Offs,dartfish_export/2026EM1vsSweden.csv,Line Break,,,,,,,Dimi,,,,,,,,System Error,,,,,,,,
47,714360,5000,Denmark,Opposition,2026 EM1,Sweden,Play Offs,dartfish_export/2026EM1vsSweden.csv,Ruck,,,,,,,,,,,<3s,No Disruption,,Positive,,,,,,,,,
48,720520,5000,Denmark,Denmark,2026 EM1,Sweden,Play Offs,dartfish_export/2026EM1vsSweden.csv,22m Entry,,,,,,,,,,,,,,,Line Break,,True,,,,,,
49,757840,6000,Denmark,Denmark,2026 EM1,Sweden,Play Offs,dartfish_export/2026EM1vsSweden.csv,Conversion,Missed,,Front-15m R,,,,Mille,,,,,,,,,,,0.0,0.0,Denmark,0,,
50,913360,7000,Denmark,Denmark,2026 EM1,Sweden,Play Offs,dartfish_export/2026EM1vsSweden.csv,Kick Off,Won,Uncontestable,Sonderjylland,False,False,True,Mille,,,,,,,,,,,,,,,,
51,917140,6000,Denmark,Denmark,2026 EM1,Sweden,Play Offs,dartfish_export/2026EM1vsSweden.csv,Ball Carry,Tackle Completed,,,,,,Alba,Single,Positive,Completed,,,,,,,,,,,,,
52,921500,22000,Denmark,Denmark,2026 EM1,Sweden,Play Offs,dartfish_export/2026EM1vsSweden.csv,Try,,,Kick Off,,,,Sarah,,,,,,,,,2,,5.0,0.0,,,,
53,923680,5000,Denmark,Opposition,2026 EM1,Sweden,Play Offs,dartfish_export/2026EM1vsSweden.csv,Ruck,,,,,,,,,,,<3s,No Disruption,,Neutral,,,,,,,,,
54,927340,2000,Denmark,Denmark,2026 EM1,Sweden,Play Offs,dartfish_export/2026EM1vsSweden.csv,Pass,Completed,,,,,,Kinza,,,,,,,,,,,,,,,,
55,928940,2000,Denmark,Denmark,2026 EM1,Sweden,Play Offs,dartfish_export/2026EM1vsSweden.csv,Pass,Completed,,,,,,Olivia,,,,,,,,,,,,,,,,
56,930220,6000,Denmark,Denmark,2026 EM1,Sweden,Play Offs,dartfish_export/2026EM1vsSweden.csv,Ball Carry,Offload,,,,,,Mille,Double,,Ineffective,,,,,,,,,,,,,
57,932220,2000,Denmark,Denmark,2026 EM1,Sweden,Play Offs,dartfish_export/2026EM1vsSweden.csv,Offload,Completed,,,,,,Mille,,,,,,,,,,,,,,,,
58,932900,6000,Denmark,Denmark,2026 EM1,Sweden,Play Offs,dartfish_export/2026EM1vsSweden.csv,Ball Carry,Tackle Missed,,,,,,Sarah,Single,,Missed,,,,,,,,,,,,,
59,933480,5000,Denmark,Denmark,2026 EM1,Sweden,Play Offs,dartfish_export/2026EM1vsSweden.csv,22m Entry,,,,,,,,,,,,,,,Line Break,,True,,,,,,
60,977420,6000,Denmark,Denmark,2026 EM1,Sweden,Play Offs,dartfish_export/2026EM1vsSweden.csv,Conversion,Missed,,Front-15m R,,,,Mille,,,,,,,,,,,0.0,0.0,Denmark,0,,
61,994100,7000,Denmark,Opposition,2026 EM1,Sweden,Play Offs,dartfish_export/2026EM1vsSweden.csv,Kick Off,Lost,Uncontestable,Nord Sjaelland,False,False,True,SofieK,,,,,,,,,,,,,,,,
62,1035240,10000,Denmark,Denmark,2026 EM1,Sweden,Play Offs,dartfish_export/2026EM1vsSweden.csv,Scrum,Won,,,,,,,,,,,,,,,,,,,,,,
63,1044720,2000,Denmark,Denmark,2026 EM1,Sweden,Play Offs,dartfish_export/2026EM1vsSweden.csv,Pass,Completed,,,,,,Sarah,,,,,,,,,,,,,,,,
64,1045740,6000,Denmark,Denmark,2026 EM1,Sweden,Play Offs,dartfish_export/2026EM1vsSweden.csv,Ball Carry,Tackle Missed,,,,,,Freja,Single,,Missed,,,,,,,,,,,,,
65,1046860,6000,Denmark,Denmark,2026 EM1,Sweden,Play Offs,dartfish_export/2026EM1vsSweden.csv,Ball Carry,Tackle Completed,,,,,,Freja,Single,Negative,Completed,,,,,,,,,,,,,
66,1051160,5000,Denmark,Opposition,2026 EM1,Sweden,Play Offs,dartfish_export/2026EM1vsSweden.csv,Ruck,,,,,,,,,,,<3s,No Disruption,,Positive,,,,,,,,,
67,1053520,2000,Denmark,Denmark,2026 EM1,Sweden,Play Offs,dartfish_export/2026EM1vsSweden.csv,Pass,Completed,,,,,,Mille,,,,,,,,,,,,,,,,
68,1054860,2000,Denmark,Denmark,2026 EM1,Sweden,Play Offs,dartfish_export/2026EM1vsSweden.csv,Pass,Completed,,,,,,Lea,,,,,,,,,,,,,,,,
69,1056920,2000,Denmark,Denmark,2026 EM1,Sweden,Play Offs,dartfish_export/2026EM1vsSweden.csv,Pass,Completed,,,,,,Kinza,,,,,,,,,,,,,,,,
70,1058480,2000,Denmark,Denmark,2026 EM1,Sweden,Play Offs,dartfish_export/2026EM1vsSweden.csv,Pass,Completed,,,,,,Sarah,,,,,,,,,,,,,,,,
71,1060280,6000,Denmark,Denmark,2026 EM1,Sweden,Play Offs,dartfish_export/2026EM1vsSweden.csv,Ball Carry,Tackle Missed,,,,,,Dimi,Single,,Missed,,,,,,,,,,,,,
72,1063200,6000,Denmark,Denmark,2026 EM1,Sweden,Play Offs,dartfish_export/2026EM1vsSweden.csv,Ball Carry,Tackle Completed,,,,,,Dimi,Single,Positive,Completed,,,,,,,,,,,,,
73,1065220,5000,Denmark,Opposition,2026 EM1,Sweden,Play Offs,dartfish_export/2026EM1vsSweden.csv,Ruck,,,,,,,,,,,<3s,No Disruption,,Positive,,,,,,,,,
74,1069100,2000,Denmark,Denmark,2026 EM1,Sweden,Play Offs,dartfish_export/2026EM1vsSweden.csv,Pass,Completed,,,,,,Kinza,,,,,,,,,,,,,,,,
75,1070280,2000,Denmark,Denmark,2026 EM1,Sweden,Play Offs,dartfish_export/2026EM1vsSweden.csv,Pass,Completed,,,,,,Lea,,,,,,,,,,,,,,,,
76,1071440,2000,Denmark,Denmark,2026 EM1,Sweden,Play Offs,dartfish_export/2026EM1vsSweden.csv,Pass,Completed,,,,,,SofieK,,,,,,,,,,,,,,,,
77,1077220,6000,Denmark,Denmark,2026 EM1,Sweden,Play Offs,dartfish_export/2026EM1vsSweden.csv,Ball Carry,Offload,,,,,,Mille,Single,,Ineffective,,,,,,,,,,,,,
78,1077620,2000,Denmark,Denmark,2026 EM1,Sweden,Play Offs,dartfish_export/2026EM1vsSweden.csv,Pass,Completed,,,,,,Freja,,,,,,,,,,,,,,,,
79,1079420,2000,Denmark,Denmark,2026 EM1,Sweden,Play Offs,dartfish_export/2026EM1vsSweden.csv,Offload,Completed,,,,,,Mille,,,,,,,,,,,,,,,,
80,1083680,2000,Denmark,Denmark,2026 EM1,Sweden,Play Offs,dartfish_export/2026EM1vsSweden.csv,Pass,Error,,,,,,SofieK,,,,,,,,,,,,,,,,
81,1084020,6000,Denmark,Denmark,2026 EM1,Sweden,Play Offs,dartfish_export/2026EM1vsSweden.csv,Ball Carry,Tackle Completed,,,,,,Sarah,Single,Positive,Completed,,,,,,,,,,,,,
82,1086120,5000,Denmark,Opposition,2026 EM1,Sweden,Play Offs,dartfish_export/2026EM1vsSweden.csv,Ruck,,,,,,,,,,,<3s,No Disruption,,Negative,,,,,,,,,
83,1090780,6000,Denmark,Denmark,2026 EM1,Sweden,Play Offs,dartfish_export/2026EM1vsSweden.csv,Ball Carry,Tackle Completed,,,,,,Dimi,Single,Positive,Completed,,,,,,,,,,,,,
84,1090960,2000,Denmark,Denmark,2026 EM1,Sweden,Play Offs,dartfish_export/2026EM1vsSweden.csv,Pass,Completed,,,,,,Lea,,,,,,,,,,,,,,,,
85,1094100,6000,Denmark,Denmark,2026 EM1,Sweden,Play Offs,dartfish_export/2026EM1vsSweden.csv,Ball Carry,Tackle Completed,,,,,,Dimi,Single,Negative,Completed,,,,,,,,,,,,,
86,1095380,5000,Denmark,Opposition,2026 EM1,Sweden,Play Offs,dartfish_export/2026EM1vsSweden.csv,Ruck,,,,,,,,,,,>=3s,No Disruption,,Positive,,,,,,,,,
87,1101960,2000,Denmark,Denmark,2026 EM1,Sweden,Play Offs,dartfish_export/2026EM1vsSweden.csv,Pass,Completed,,,,,,SofieK,,,,,,,,,,,,,,,,
88,1103500,6000,Denmark,Denmark,2026 EM1,Sweden,Play Offs,dartfish_export/2026EM1vsSweden.csv,Ball Carry,Tackle Completed,,,,,,Kinza,Single Assist,Negative,Completed,,,,,,,,,,,,,
89,1106600,5000,Denmark,Opposition,2026 EM1,Sweden,Play Offs,dartfish_export/2026EM1vsSweden.csv,Ruck,,,,,,,,,,,<3s,No Disruption,,Positive,,,,,,,,,
90,1110060,2000,Denmark,Denmark,2026 EM1,Sweden,Play Offs,dartfish_export/2026EM1vsSweden.csv,Pass,Completed,,,,,,Lea,,,,,,,,,,,,,,,,
91,1110640,6000,Denmark,Denmark,2026 EM1,Sweden,Play Offs,dartfish_export/2026EM1vsSweden.csv,Ball Carry,Offload,,,,,,Freja,Single,,Ineffective,,,,,,,,,,,,,
92,1111440,2000,Denmark,Denmark,2026 EM1,Sweden,Play Offs,dartfish_export/2026EM1vsSweden.csv,Pass,Completed,,,,,,Sarah,,,,,,,,,,,,,,,,
93,1113300,2000,Denmark,Denmark,2026 EM1,Sweden,Play Offs,dartfish_export/2026EM1vsSweden.csv,Offload,Completed,,,,,,Freja,,,,,,,,,,,,,,,,
94,1115400,6000,Denmark,Denmark,2026 EM1,Sweden,Play Offs,dartfish_export/2026EM1vsSweden.csv,Ball Carry,Offload,,,,,,Mille,Double,,Ineffective,,,,,,,,,,,,,
95,1115860,2000,Denmark,Denmark,2026 EM1,Sweden,Play Offs,dartfish_export/2026EM1vsSweden.csv,Pass,Completed,,,,,,Sarah,,,,,,,,,,,,,,,,
96,1118940,2000,Denmark,Denmark,2026 EM1,Sweden,Play Offs,dartfish_export/2026EM1vsSweden.csv,Offload,Completed,,,,,,Mille,,,,,,,,,,,,,,,,
97,1119600,6000,Denmark,Denmark,2026 EM1,Sweden,Play Offs,dartfish_export/2026EM1vsSweden.csv,Ball Carry,Tackle Completed,,,,,,Sarah,Single,Negative,Completed,,,,,,,,,,,,,
98,1120520,5000,Denmark,Denmark,2026 EM1,Sweden,Play Offs,dartfish_export/2026EM1vsSweden.csv,22m Entry,,,,,,,,,,,,,,,Gainline,,False,,,,,,
99,1122500,5000,Denmark,Opposition,2026 EM1,Sweden,Play Offs,dartfish_export/2026EM1vsSweden.csv,Ruck,,,,,,,,,,,<3s,No Disruption,,Positive,,,,,,,,,
100,1127040,2000,Denmark,Denmark,2026 EM1,Sweden,Play Offs,dartfish_export/2026EM1vsSweden.csv,Pass,Error,,,,,,Mille,,,,,,,,,,,,,,,,
101,1128540,10000,Denmark,Opposition,2026 EM1,Sweden,Play Offs,dartfish_export/2026EM1vsSweden.csv,Turnover,Lost,,,,,True,SofieK,,,,,,,,Dropped,7,,,,,,,
102,1130820,2000,Denmark,Denmark,2026 EM1,Sweden,Play Offs,dartfish_export/2026EM1vsSweden.csv,Pass,Error,,,,,,SofieK,,,,,,,,,,,,,,,,
103,1146240,6000,Denmark,Denmark,2026 EM1,Sweden,Play Offs,dartfish_export/2026EM1vsSweden.csv,Ball Carry,Tackle Completed,,,,,,SofieK,Single,Negative,Completed,,,,,,,,,,,,,
104,1148440,5000,Denmark,Opposition,2026 EM1,Sweden,Play Offs,dartfish_export/2026EM1vsSweden.csv,Ruck,,,,,,,,,,,<3s,No Disruption,,Neutral,,,,,,,,,
105,1152840,2000,Denmark,Denmark,2026 EM1,Sweden,Play Offs,dartfish_export/2026EM1vsSweden.csv,Pass,Error,,,,,,Lea,,,,,,,,,,,,,,,,
106,1152940,6000,Denmark,Denmark,2026 EM1,Sweden,Play Offs,dartfish_export/2026EM1vsSweden.csv,Ball Carry,Tackle Completed,,,,,,Sarah,Single,Negative,Completed,,,,,,,,,,,,,
107,1153800,5000,Denmark,Opposition,2026 EM1,Sweden,Play Offs,dartfish_export/2026EM1vsSweden.csv,Ruck,,,,,,,,,,,>=3s,No Disruption,,Neutral,,,,,,,,,
108,1156760,10000,Denmark,Opposition,2026 EM1,Sweden,Play Offs,dartfish_export/2026EM1vsSweden.csv,Penalty,Conceeded,,,,,,Sarah,Set Piece,,,,,,,Not Releasing,3,,,,,,,
109,1169660,10000,Denmark,Opposition,2026 EM1,Sweden,Play Offs,dartfish_export/2026EM1vsSweden.csv,Turnover,Lost,,,,,False,Sarah,,,,,,,,Poached,3,,,,,,Penalty,
110,118460,5000,Opposition,Opposition,2026 EM1,Sweden,Play Offs,dartfish_export/2026EM1vsSweden.csv,Tackle,Completed,,,,,,Freja,Single,,,,,,,,,,,,,,,
111,118500,5000,Opposition,Opposition,2026 EM1,Sweden,Play Offs,dartfish_export/2026EM1vsSweden.csv,Ruck,,,,,,,,,,,<3s,No Disruption,,Negative,,,,,,,,,
112,132720,5000,Opposition,Opposition,2026 EM1,Sweden,Play Offs,dartfish_export/2026EM1vsSweden.csv,Tackle,Completed,,,,,,Mille,Single,,,,,,,,,,,,,,,
113,134560,5000,Opposition,Opposition,2026 EM1,Sweden,Play Offs,dartfish_export/2026EM1vsSweden.csv,Tackle,Completed,,,,,,Kinza,Single,,,,,,,,,,,,,,,
114,135240,5000,Opposition,Opposition,2026 EM1,Sweden,Play Offs,dartfish_export/2026EM1vsSweden.csv,Ruck,,,,,,,,,,,<3s,No Disruption,,Negative,,,,,,,,,
115,142000,5000,Opposition,Opposition,2026 EM1,Sweden,Play Offs,dartfish_export/2026EM1vsSweden.csv,Tackle,Completed,,,,,,Alba,Single,,,,,,,,,,,,,,,
116,144060,5000,Opposition,Opposition,2026 EM1,Sweden,Play Offs,dartfish_export/2026EM1vsSweden.csv,Ruck,,,,,,,,,,,<3s,No Disruption,,Neutral,,,,,,,,,
117,150880,5000,Opposition,Opposition,2026 EM1,Sweden,Play Offs,dartfish_export/2026EM1vsSweden.csv,Tackle,Completed,,,,,,Kinza,Single,,,,,,,,,,,,,,,
118,150960,5000,Opposition,Opposition,2026 EM1,Sweden,Play Offs,dartfish_export/2026EM1vsSweden.csv,Ruck,,,,,,,,,,,<3s,No Disruption,,Neutral,,,,,,,,,
119,159240,5000,Opposition,Opposition,2026 EM1,Sweden,Play Offs,dartfish_export/2026EM1vsSweden.csv,Tackle,Completed,,,,,,Olivia,Single Assist,,,,,,,,,,,,,,,
120,160740,5000,Opposition,Opposition,2026 EM1,Sweden,Play Offs,dartfish_export/2026EM1vsSweden.csv,Ruck,,,,,,,,,,,<3s,Ineffective,Olivia,Negative,,,,,,,,,
121,169160,5000,Opposition,Opposition,2026 EM1,Sweden,Play Offs,dartfish_export/2026EM1vsSweden.csv,Tackle,Completed,,,,,,Freja,Single,,,,,,,,,,,,,,,
122,170120,5000,Opposition,Opposition,2026 EM1,Sweden,Play Offs,dartfish_export/2026EM1vsSweden.csv,Ruck,,,,,,,,,,,>=3s,No Disruption,,Positive,,,,,,,,,
123,179180,5000,Opposition,Opposition,2026 EM1,Sweden,Play Offs,dartfish_export/2026EM1vsSweden.csv,Tackle,Ineffective,,,,,,Sarah,Single,,,,,,,,,,,,,,,
124,181360,5000,Opposition,Opposition,2026 EM1,Sweden,Play Offs,dartfish_export/2026EM1vsSweden.csv,Tackle,Completed,,,,,,Olivia,Single,,,,,,,,,,,,,,,
125,183760,5000,Opposition,Opposition,2026 EM1,Sweden,Play Offs,dartfish_export/2026EM1vsSweden.csv,Ruck,,,,,,,,,,,<3s,No Disruption,,Negative,,,,,,,,,
126,193700,5000,Opposition,Opposition,2026 EM1,Sweden,Play Offs,dartfish_export/2026EM1vsSweden.csv,Tackle,Completed,,,,,,Sarah,Single,,,,,,,,,,,,,,,
127,195440,5000,Opposition,Opposition,2026 EM1,Sweden,Play Offs,dartfish_export/2026EM1vsSweden.csv,Ruck,,,,,,,,,,,<3s,No Disruption,,Negative,,,,,,,,,
128,200160,10000,Opposition,Denmark,2026 EM1,Sweden,Play Offs,dartfish_export/2026EM1vsSweden.csv,Open Play Kick,Won,,,,,True,,Chip,,,,,,,,9,,,,,,,
129,352240,10000,Opposition,Opposition,2026 EM1,Sweden,Play Offs,dartfish_export/2026EM1vsSweden.csv,Scrum,Lost,,,,,,,,,,,,,,,,,,,,,,
130,366080,5000,Opposition,Opposition,2026 EM1,Sweden,Play Offs,dartfish_export/2026EM1vsSweden.csv,Tackle,Completed,,,,,,Dimi,Single,,,,,,,,,,,,,,,
131,369040,5000,Opposition,Opposition,2026 EM1,Sweden,Play Offs,dartfish_export/2026EM1vsSweden.csv,Tackle,Completed,,,,,,Freja,Double,,,,,,,,,,,,,,,
132,369300,5000,Opposition,Opposition,2026 EM1,Sweden,Play Offs,dartfish_export/2026EM1vsSweden.csv,Ruck,,,,,,,,,,,<3s,No Disruption,,Positive,,,,,,,,,
133,377380,5000,Opposition,Opposition,2026 EM1,Sweden,Play Offs,dartfish_export/2026EM1vsSweden.csv,Tackle,Completed,,,,,,Alba,Double,,,,,,,,,,,,,,,
134,378700,5000,Opposition,Opposition,2026 EM1,Sweden,Play Offs,dartfish_export/2026EM1vsSweden.csv,Ruck,,,,,,,,,,,<3s,No Disruption,,Positive,,,,,,,,,
135,385900,5000,Opposition,Opposition,2026 EM1,Sweden,Play Offs,dartfish_export/2026EM1vsSweden.csv,Tackle,Completed,,,,,,Mille,Single,,,,,,,,,,,,,,,
136,432340,10000,Opposition,Denmark,2026 EM1,Sweden,Play Offs,dartfish_export/2026EM1vsSweden.csv,Turnover,Won,,,,,False,Mille,,,,,,,,Knock On,3,,,,,,,
137,487460,10000,Opposition,Opposition,2026 EM1,Sweden,Play Offs,dartfish_export/2026EM1vsSweden.csv,Scrum,Lost,,,,,,,,,,,,,,,,,,,,,,
138,501260,5000,Opposition,Opposition,2026 EM1,Sweden,Play Offs,dartfish_export/2026EM1vsSweden.csv,Tackle,Completed,,,,,,Olivia,Single,,,,,,,,,,,,,,,
139,501620,5000,Opposition,Opposition,2026 EM1,Sweden,Play Offs,dartfish_export/2026EM1vsSweden.csv,Ruck,,,,,,,,,,,>=3s,No Disruption,,Negative,,,,,,,,,
140,507300,10000,Opposition,Denmark,2026 EM1,Sweden,Play Offs,dartfish_export/2026EM1vsSweden.csv,Open Play Kick,Won,,,,,True,,Chip,,,,,,,,2,,,,,,,
141,704560,7000,Opposition,Denmark,2026 EM1,Sweden,Play Offs,dartfish_export/2026EM1vsSweden.csv,Kick Receipt,Won,Contestable,Sonderjylland,False,False,True,Sarah,,,,,,,,,,,,,,True,,Caught No Contest
142,1004100,5000,Opposition,Opposition,2026 EM1,Sweden,Play Offs,dartfish_export/2026EM1vsSweden.csv,Tackle,Missed,,,,,,Sarah,Single,,,,,,,,,,,,,,,
143,1007600,5000,Opposition,Opposition,2026 EM1,Sweden,Play Offs,dartfish_export/2026EM1vsSweden.csv,Tackle,Completed,,,,,,Mille,Single,,,,,,,,,,,,,,,
144,1008220,10000,Opposition,Denmark,2026 EM1,Sweden,Play Offs,dartfish_export/2026EM1vsSweden.csv,Turnover,Won,,,,,False,Mille,,,,,,,,Knock On,1,,,,,,,
145,1133040,5000,Opposition,Opposition,2026 EM1,Sweden,Play Offs,dartfish_export/2026EM1vsSweden.csv,Tackle,Completed,,,,,,Kinza,Single Assist,,,,,,,,,,,,,,,
146,1135740,5000,Opposition,Opposition,2026 EM1,Sweden,Play Offs,dartfish_export/2026EM1vsSweden.csv,Ruck,,,,,,,,,,,<3s,No Disruption,,Positive,,,,,,,,,
147,1140420,10000,Opposition,Denmark,2026 EM1,Sweden,Play Offs,dartfish_export/2026EM1vsSweden.csv,Open Play Kick,Won,,,,,True,,Chip,,,,,,,,2,,,,,,,
148,1226260,10000,Opposition,Opposition,2026 EM1,Sweden,Play Offs,dartfish_export/2026EM1vsSweden.csv,Scrum,Lost,,,,,,,,,,,,,,,,,,,,,,
149,1236720,5000,Opposition,Opposition,2026 EM1,Sweden,Play Offs,dartfish_export/2026EM1vsSweden.csv,Tackle,Completed,,,,,,Philippa,Single,,,,,,,,,,,,,,,
150,1237360,5000,Opposition,Opposition,2026 EM1,Sweden,Play Offs,dartfish_export/2026EM1vsSweden.csv,Ruck,,,,,,,,,,,<3s,No Disruption,,Neutral,,,,,,,,,
151,1242180,10000,Opposition,Opposition,2026 EM1,Sweden,Play Offs,dartfish_export/2026EM1vsSweden.csv,Open Play Kick,Lost,,,,,False,,Chip,,,,,,,,2,,,,,,,
152,1249200,10000,Opposition,Opposition,2026 EM1,Sweden,Play Offs,dartfish_export/2026EM1vsSweden.csv,Penalty,Conceeded,,,,,,Amanda,Set Piece,,,,,,,Tackle Without Ball,2,,,,,,,
153,1258000,10000,Opposition,Opposition,2026 EM1,Sweden,Play Offs,dartfish_export/2026EM1vsSweden.csv,Yellow Card,Conceeded,,,,,,Amanda,,,,,,,,Tackle Without Ball,,,,,,,,
154,1285140,10000,Opposition,Opposition,2026 EM1,Sweden,Play Offs,dartfish_export/2026EM1vsSweden.csv,Scrum,Lost,,,,,,,,,,,,,,,,,,,,,,
155,1326780,5000,Opposition,Opposition,2026 EM1,Sweden,Play Offs,dartfish_export/2026EM1vsSweden.csv,Tackle,Completed,,,,,,Sarah,Single,,,,,,,,,,,,,,,
156,1328100,5000,Opposition,Opposition,2026 EM1,Sweden,Play Offs,dartfish_export/2026EM1vsSweden.csv,Ruck,,,,,,,,,,,<3s,Ineffective,Philippa,Negative,,,,,,,,,
157,1333900,5000,Opposition,Opposition,2026 EM1,Sweden,Play Offs,dartfish_export/2026EM1vsSweden.csv,Tackle,Ineffective,,,,,,Sarah,Single,,,,,,,,,,,,,,,
158,1338380,5000,Opposition,Opposition,2026 EM1,Sweden,Play Offs,dartfish_export/2026EM1vsSweden.csv,Tackle,Completed,,,,,,Philippa,Single,,,,,,,,,,,,,,,
159,1338540,5000,Opposition,Opposition,2026 EM1,Sweden,Play Offs,dartfish_export/2026EM1vsSweden.csv,Ruck,,,,,,,,,,,<3s,No Disruption,,Positive,,,,,,,,,
160,1338760,5000,Opposition,Opposition,2026 EM1,Sweden,Play Offs,dartfish_export/2026EM1vsSweden.csv,22m Entry,,,,,,,,,,,,,,,Gainline,,False,,,,,,
161,1340600,10000,Opposition,Denmark,2026 EM1,Sweden,Play Offs,dartfish_export/2026EM1vsSweden.csv,Turnover,Won,,,,,False,,,,,,,,,Knock On,3,,,,,,,
